id,guid,email,first_name,last_name,gender,ip_address,country,city,money,car_model,car_model_year,car_color,animal_name,company,credit_card_type
1,59a6dad3-ea81-4744-8f59-74411a8f5615,qlamke0@loc.gov,Quintina,Lamke,Male,192.19.20.107,Jamaica,Bluefields,$18221.04,Focus,2004,Violet,"Pademelon, red-legged",Kare,china-unionpay
2,90ee61f7-54cb-425d-bf7d-6fcb9f7a3be0,dbeynon1@patch.com,Donia,Beynon,Male,254.75.140.154,France,Niort,$1335.11,Brat,1986,Orange,"Colobus, white-mantled",Jabbertype,visa
3,32f8a2c2-ed71-40fd-8ca2-399fe073aaca,athorndycraft2@cargocollective.com,Aeriel,Thorndycraft,Female,205.157.194.255,Indonesia,Kaem,$19111.80,Esprit,1992,Crimson,"Penguin, little blue",Photojam,visa-electron
4,a171ef76-9783-4f17-8505-3b20a3d1b6c2,rconsterdine3@microsoft.com,Rois,Consterdine,Female,118.179.230.110,Sweden,Stockholm,$796.07,Fox,1987,Aquamarine,"Eagle, tawny",Roodel,jcb
5,6570ed8f-4457-4618-92fd-2e9973d259d8,bajam4@weibo.com,Bartie,Ajam,Polygender,94.180.125.204,Japan,Minakuchi,$19492.64,Element,2011,Blue,American alligator,Dazzlesphere,jcb
6,dc9b898e-e67d-4608-9fdd-12894218dd67,opetris5@illinois.edu,Ole,Petris,Female,26.135.94.225,Afghanistan,Bal Chirāgh,$9635.33,Electra,1986,Pink,Ant (unidentified),Brightdog,maestro
7,5e0f34b9-bbc7-4ae9-81a4-b23e5890f648,pbrumwell6@youku.com,Phyllis,Brumwell,Female,147.88.133.22,Indonesia,Bendo,$10806.98,Fifth Ave,1993,Violet,Javanese cormorant,Fivechat,china-unionpay
8,01dfbb11-f7ec-4aeb-8c78-ae4a693fa9e9,aburde7@uiuc.edu,Andre,Burde,Female,149.74.70.191,Japan,Yasugichō,$15548.73,Express 1500,2009,Teal,Giant armadillo,Kare,mastercard
9,5298ede2-4eb3-495f-89ce-e0b6e454fc3c,isherlock8@statcounter.com,Ibbie,Sherlock,Male,52.166.170.48,China,Daduchuan,$6865.98,Bonneville,2005,Goldenrod,"Reedbuck, bohor",Topicblab,jcb
10,b27769fc-73d6-4f01-890d-bd7902754c55,obockh9@youtu.be,Orelle,Bockh,Male,212.110.236.11,Venezuela,San Francisco de Yare,$11062.81,CT,2012,Purple,"Bear, sloth",Kamba,jcb
11,c26c0a18-9ed6-4a94-9f89-5bf803b06005,egiacomozzoa@ezinearticles.com,Ethelyn,Giacomozzo,Female,113.74.124.60,Belarus,Kastsyukovichy,$4574.78,1500 Club Coupe,1997,Orange,Pied crow,Realpoint,jcb
12,1f17a51f-3bb2-4221-b1f6-82bfc3d16fa0,aryceb@state.gov,Arlyn,Ryce,Female,54.177.57.67,Canada,Moosomin,$15443.60,Pajero,1996,Khaki,Fairy penguin,Realbuzz,jcb
13,63afb863-d7c2-4ed1-b146-88ccfd808414,sguerrieroc@acquirethisname.com,Shaina,Guerriero,Female,115.219.27.77,Vietnam,Sóc Trăng,$2376.62,Rodeo,2001,Mauv,"Duck, mountain",Browsebug,mastercard
14,cea4def6-0c20-42b5-9580-44a54b72658a,abenedttid@ow.ly,Anabal,Benedtti,Male,19.83.217.11,Ecuador,Baños,$9956.23,Land Cruiser,1995,Orange,"Goose, canada",Katz,jcb
15,3d9cfb2f-3747-412b-84a5-52dec25c26fa,skinnache@gov.uk,Sunny,Kinnach,Male,235.203.185.96,Russia,Lipin Bor,$400.58,Tacoma Xtra,2003,Violet,Lapwing (unidentified),Ailane,mastercard
16,ad02d34c-540b-4d55-b36d-79592126040d,atopf@gov.uk,Anallese,Top,Male,1.217.55.183,China,Bamencheng,$19799.65,Legacy,1992,Turquoise,"Sunbird, lesser double-collared",Meezzy,jcb
17,53e89214-cb88-4ded-8e4c-69548d471e3a,pdandreag@gravatar.com,Pat,D'Andrea,Female,41.70.49.139,Indonesia,Druju,$19696.76,E-Series,1963,Purple,"Sheep, stone",Minyx,jcb
18,7025f121-6c38-4be9-b30d-55321a17439e,wbartolomeazzih@ycombinator.com,Ware,Bartolomeazzi,Female,178.158.239.225,Indonesia,Pedamaran,$17719.86,750,2006,Pink,"Grouse, greater sage",Devpoint,jcb
19,0ba5575e-09ef-4954-838a-d3e237bc2bed,lguyonneti@wix.com,Letti,Guyonnet,Female,85.123.70.253,Canada,Dorchester,$4099.37,Firebird Formula,1992,Blue,"Squirrel, palm",Chatterpoint,maestro
20,db14ccd6-0fcb-4986-ae58-739a08b92226,ejeaninj@digg.com,Emery,Jeanin,Female,22.137.242.116,United States,Amarillo,$11660.22,STS,2010,Green,Small-spotted genet,Yakidoo,laser
21,89f9efd6-46f8-4c17-a097-96f0362ddc1d,mwillicottk@cdc.gov,Mureil,Willicott,Male,68.6.238.98,Argentina,San Lorenzo,$5282.28,Altima,2009,Aquamarine,Oriental white-backed vulture,Babbleopia,jcb
22,78f7c7ed-592e-4131-8e62-27c78968424c,cshardlowl@studiopress.com,Caril,Shardlow,Male,122.77.23.144,Czech Republic,Stěbořice,$7818.64,Sedona,2009,Khaki,Caracal,Talane,solo
23,80cdf7aa-12bb-41bc-8c65-7268aa38cee8,pgoodredm@state.tx.us,Paxton,Goodred,Male,195.25.59.90,China,Jiangqiao,$2624.50,SL-Class,1998,Maroon,"Deer, mule",Kanoodle,switch
24,448d29b1-f66c-4f0c-ae16-c515a1fb65d2,adavydenkon@yandex.ru,Aviva,Davydenko,Male,92.146.75.221,China,Shihua,$5920.11,TL,2011,Aquamarine,"Phalarope, northern",Blogtags,bankcard
25,ed04bf54-483c-47ff-a09f-54e954fbafca,abrimhamo@hubpages.com,Angel,Brimham,Agender,133.203.148.199,New Zealand,Methven,$12410.39,Grand Marquis,2009,Turquoise,Grey mouse lemur,Browsezoom,jcb
26,bda9445c-644b-40cb-8807-1ebe605230cc,cstuddep@clickbank.net,Cecilius,Studde,Non-binary,53.174.208.60,Philippines,Dao,$19998.32,Mazda3,2004,Crimson,European beaver,Rhycero,maestro
27,a8905efe-0c37-4247-b53e-8ac64c267cfb,lclynterq@gizmodo.com,Letty,Clynter,Genderqueer,59.110.198.220,China,Zhangxi,$8252.74,Raider,2008,Khaki,"Bee-eater, white-fronted",Devify,switch
28,99a2e157-0274-4345-a266-f98a41386d6e,ipickfordr@epa.gov,Isac,Pickford,Male,222.214.71.136,Indonesia,Tohong,$13904.66,Town Car,1984,Turquoise,King vulture,Mydo,jcb
29,1a5bfe4d-65c7-4e24-8fc9-5a98d1f5714c,cedensors@google.co.uk,Caleb,Edensor,Male,208.115.202.184,Portugal,Foros da Catrapona,$9769.69,Cavalier,1992,Indigo,Green-backed heron,Yodel,americanexpress
30,3b0b120a-9123-43b9-8601-d397f947cf82,klashmart@amazon.de,Kelsi,Lashmar,Male,175.113.172.88,Portugal,Biscoitos,$16351.37,Galant,1986,Purple,"Darter, african",Skynoodle,jcb
